,d12,d23,d13,node2,angle,latitude,longitude,time
0,,,,,,39.969396419731396,116.40265203453612,2022-02-07 00:06:44
1,1297.806695450892,233.9295501863464,1530.9429853972276,"(39.95773003871284, 116.40172054383427)",174.8728176796117,39.95773003871284,116.40172054383427,2022-02-07 08:07:41
2,233.9295501863464,15.533963173103315,249.23723437865925,"(39.955624040288235, 116.40179754249236)",169.89015089188692,39.955624040288235,116.40179754249236,2022-02-07 08:08:55
3,15.533963173103315,399.53662159009417,414.80203493669717,"(39.955487054691446, 116.40183447433043)",169.1264007955337,39.955487054691446,116.40183447433043,2022-02-07 08:09:10
4,399.53662159009417,183.5742086807473,583.0421426084185,"(39.951889113492676, 116.40190366091063)",178.10646385269547,39.951889113492676,116.40190366091063,2022-02-07 08:09:33
5,183.5742086807473,10.906543805007678,174.21921428769357,"(39.9502360689782, 116.4018644566307)",30.049611176664396,39.9502360689782,116.4018644566307,2022-02-07 08:09:54
6,10.906543805007678,309.6751025525446,298.89216728873583,"(39.95032018197286, 116.40193037178486)",8.481530060879274,39.95032018197286,116.40193037178486,2022-02-07 08:09:58
7,309.6751025525446,296.27724711432126,551.9529484277366,"(39.94774558001998, 116.40053700526914)",131.24320454819065,39.94774558001998,116.40053700526914,2022-02-07 08:10:02
8,296.27724711432126,244.04448000051215,527.9807238813178,"(39.945350211996434, 116.4020645598183)",155.344294127035,39.945350211996434,116.4020645598183,2022-02-07 08:10:42
9,244.04448000051215,74.26833285569212,318.3007764405698,"(39.94315301798573, 116.40213867027093)",178.82191336954256,39.94315301798573,116.40213867027093,2022-02-07 08:11:15
10,74.26833285569212,329.3093116311427,403.5494745367825,"(39.94248414571058, 116.40214335755769)",178.25296530774034,39.94248414571058,116.40214335755769,2022-02-07 08:11:21
11,329.3093116311427,229.98897293871062,559.1843184935996,"(39.93952019959127, 116.40228159261896)",177.64928319736893,39.93952019959127,116.40228159261896,2022-02-07 08:11:51
12,229.98897293871062,78.10803349135581,308.03390575398254,"(39.93744887848122, 116.40226775123865)",177.3342801055363,39.93744887848122,116.40226775123865,2022-02-07 08:12:35
13,78.10803349135581,526.924925171236,605.0255307994508,"(39.936746016559695, 116.40230555661097)",179.15329326359898,39.936746016559695,116.40230555661097,2022-02-07 08:12:41
14,526.924925171236,103.48756011458369,527.9560871844005,"(39.932002051032235, 116.4024695308577)",84.93846119115398,39.932002051032235,116.4024695308577,2022-02-07 08:13:46
15,103.48756011458369,138.348769762013,241.56637774047365,"(39.932059551519224, 116.40126115124046)",174.527898713687,39.932059551519224,116.40126115124046,2022-02-07 08:14:35
16,138.348769762013,240.7214028867152,378.9867669653022,"(39.93201745725557, 116.39964355298947)",177.50333653707244,39.93201745725557,116.39964355298947,2022-02-07 08:14:56
17,240.7214028867152,13.453831211927117,227.41137489379344,"(39.932038617983075, 116.39682752289468)",8.147886472123373,39.932038617983075,116.39682752289468,2022-02-07 08:16:12
18,13.453831211927117,323.8868857400177,310.5458966840355,"(39.93205462138869, 116.39698353851412)",7.270569332198389,39.93205462138869,116.39698353851412,2022-02-07 08:16:20
19,323.8868857400177,86.05946067136044,409.9384790884758,"(39.932038324867605, 116.39319449165276)",179.12837984366922,39.932038324867605,116.39319449165276,2022-02-07 08:16:41
20,86.05946067136044,160.01367355889212,246.01682829298468,"(39.93202218426632, 116.39218791299142)",177.42972547239214,39.93202218426632,116.39218791299142,2022-02-07 08:16:51
21,160.01367355889212,362.2216734464453,522.1634063226985,"(39.93205679367043, 116.39031647617894)",177.93698586483345,39.93205679367043,116.39031647617894,2022-02-07 08:16:54
22,362.2216734464453,229.5908804096015,591.8028005152207,"(39.9320175730558, 116.38607920386258)",179.32492633770983,39.9320175730558,116.38607920386258,2022-02-07 08:17:37
23,229.5908804096015,241.0082010241226,470.3326281224294,"(39.93201699510911, 116.38339325449054)",176.14254623028447,39.93201699510911,116.38339325449054,2022-02-07 08:17:58
24,241.0082010241226,227.8130330963338,468.820915269451,"(39.931870297579216, 116.38058018509254)",179.8663643960616,39.931870297579216,116.38058018509254,2022-02-07 08:18:13
25,227.8130330963338,242.60391570266518,470.4145938666901,"(39.931726792553704, 116.37792156975927)",179.63726687775872,39.931726792553704,116.37792156975927,2022-02-07 08:19:39
26,242.60391570266518,132.9949019154312,375.4426605430951,"(39.931560106302065, 116.37509166905764)",176.54510650518796,39.931560106302065,116.37509166905764,2022-02-07 08:19:56
27,132.9949019154312,218.36529598612648,350.6251611702227,"(39.93139689436317, 116.37355030533045)",172.35717498690587,39.93139689436317,116.37355030533045,2022-02-07 08:21:43
28,218.36529598612648,121.55811351743587,339.88647314066935,"(39.93139037235046, 116.37099571952331)",178.23771502738774,39.93139037235046,116.37099571952331,2022-02-07 08:22:04
29,121.55811351743587,376.0125093560262,497.5706166903551,"(39.931353051334696, 116.36957446917967)",179.9785618822075,39.931353051334696,116.36957446917967,2022-02-07 08:22:11
30,376.0125093560262,281.2277240817373,657.2188114230419,"(39.93123625517646, 116.36517821812794)",179.06503204714699,39.93123625517646,116.36517821812794,2022-02-07 08:22:33
31,281.2277240817373,521.9286261751084,652.5007823900289,"(39.931107498371865, 116.36189247119552)",104.65261890915161,39.931107498371865,116.36189247119552,2022-02-07 08:22:46
32,521.9286261751084,453.72843211403324,955.1804661369276,"(39.92650513460223, 116.36065042882255)",156.4229618783172,39.92650513460223,116.36065042882255,2022-02-07 08:27:10
33,453.72843211403324,334.68765183026886,464.4188872696048,"(39.92250565123134, 116.36173940682627)",70.33613255074711,39.92250565123134,116.36173940682627,2022-02-07 08:28:15
34,334.68765183026886,200.28545356290385,313.01300781920025,"(39.92291594569687, 116.35786091256857)",66.17608946120522,39.92291594569687,116.35786091256857,2022-02-07 08:28:28
35,200.28545356290385,125.71044482417551,321.47685733109455,"(39.92118200383999, 116.35850673820964)",160.3721914223526,39.92118200383999,116.35850673820964,2022-02-07 08:30:21
36,125.71044482417551,338.6611903701135,464.1745266475041,"(39.92005208172723, 116.35841373884219)",176.24261065229908,39.92005208172723,116.35841373884219,2022-02-07 08:30:44
37,338.6611903701135,55.65931052053228,393.4229250564589,"(39.91700199664661, 116.358422811711)",168.88575249173311,39.91700199664661,116.358422811711,2022-02-07 08:30:59
38,55.65931052053228,236.54945076144833,292.1370559137512,"(39.916509892239866, 116.35829878387919)",176.76732745616934,39.916509892239866,116.35829878387919,2022-02-07 08:31:03
39,236.54945076144833,195.62555389129037,431.413628310855,"(39.91439891007517, 116.35792568596858)",173.16624511379896,39.91439891007517,116.35792568596858,2022-02-07 08:31:37
40,195.62555389129037,220.20856756342891,329.66763709266723,"(39.912693806221554, 116.35734959019919)",104.7389144485426,39.912693806221554,116.35734959019919,2022-02-07 08:31:52
41,220.20856756342891,100.6536678435754,319.5512228544504,"(39.91268839513264, 116.35477413675584)",168.83105245558613,39.91268839513264,116.35477413675584,2022-02-07 08:34:56
42,100.6536678435754,218.1047391080714,118.61650751367189,"(39.912510355281135, 116.35361986417465)",6.417482857942803,39.912510355281135,116.35361986417465,2022-02-07 08:35:50
43,218.1047391080714,54.938883239233974,250.89858017675826,"(39.91267843349719, 116.35616136304431)",121.05391190469685,39.91267843349719,116.35616136304431,2022-02-07 09:05:48
44,54.938883239233974,441.9940664579117,420.9148989380502,"(39.913122599750146, 116.35644450890183)",64.10752183189315,39.913122599750146,116.35644450890183,2022-02-07 09:06:17
45,441.9940664579117,517.2709992460556,155.61299903202058,"(39.90998402336049, 116.35962420246285)",16.375412132863865,39.90998402336049,116.35962420246285,2022-02-07 09:06:30
46,517.2709992460556,42.20947464076049,547.2310892494455,"(39.91270019241996, 116.35470915267157)",133.59455576988148,39.91270019241996,116.35470915267157,2022-02-07 09:06:43
47,42.20947464076049,16.082697074478215,57.607852124445635,"(39.91262932862607, 116.35422414211482)",160.31902074430658,39.91262932862607,116.35422414211482,2022-02-07 09:06:54
48,16.082697074478215,194.60464788025268,180.38754793967186,"(39.91255597824119, 116.3540619474713)",26.743460492762548,39.91255597824119,116.3540619474713,2022-02-07 09:06:59
49,194.60464788025268,226.49519139411424,218.43617069764224,"(39.912668481841486, 116.35633326187828)",61.947820627364145,39.912668481841486,116.35633326187828,2022-02-07 09:09:24
50,226.49519139411424,234.139048897362,232.66606386935106,"(39.91081037738757, 116.35524013741313)",60.64892784138404,39.91081037738757,116.35524013741313,2022-02-07 10:02:50
51,234.139048897362,218.1047391080714,221.86870949641963,"(39.912510355281135, 116.35361986417465)",58.63126641547388,39.912510355281135,116.35361986417465,2022-02-07 10:03:19
52,218.1047391080714,221.86870949641963,234.139048897362,"(39.91267843349719, 116.35616136304431)",64.29721011039528,39.91267843349719,116.35616136304431,2022-02-07 10:07:33
53,221.86870949641963,232.26178533335764,173.56936161525704,"(39.91081037738757, 116.35524013741313)",44.867593130545615,39.91081037738757,116.35524013741313,2022-02-07 10:07:44
54,232.26178533335764,168.69337648246696,111.0773580112975,"(39.91272026454238, 116.35413209844971)",26.60481053251546,39.91272026454238,116.35413209844971,2022-02-07 10:08:33
55,168.69337648246696,110.4864332243016,170.4011349723186,"(39.91175751486325, 116.35565837053846)",71.8236886917832,39.91175751486325,116.35565837053846,2022-02-07 10:08:40
56,110.4864332243016,170.4011349723186,168.69337648246696,"(39.91268558730978, 116.35612452706577)",70.14905426186179,39.91268558730978,116.35612452706577,2022-02-07 10:09:02
57,170.4011349723186,232.26178533335764,221.51659193856992,"(39.91272026454238, 116.35413209844971)",64.63206714669103,39.91272026454238,116.35413209844971,2022-02-07 10:09:16
58,232.26178533335764,221.51659193856992,170.4011349723186,"(39.91081037738757, 116.35524013741313)",44.03304917429373,39.91081037738757,116.35524013741313,2022-02-07 10:09:41
59,221.51659193856992,574.1676980277955,508.6161778780504,"(39.91268558730978, 116.35612452706577)",61.840254356060534,39.91268558730978,116.35612452706577,2022-02-07 10:09:46
60,574.1676980277955,605.0241722468351,55.1796166966976,"(39.90883533524509, 116.36060714805208)",4.4481184746150495,39.90883533524509,116.36060714805208,2022-02-07 10:10:10
61,605.0241722468351,281.39395795267643,525.6142797553744,"(39.91316240005493, 116.35630644617233)",60.24911394126339,39.91316240005493,116.35630644617233,2022-02-07 10:10:13
62,281.39395795267643,222.49005778084583,240.84803740216995,"(39.91082639052937, 116.35503021210404)",55.63635731083067,39.91082639052937,116.35503021210404,2022-02-07 10:10:15
63,222.49005778084583,215.03728799033217,226.64766820885865,"(39.912510355281135, 116.35361986417465)",62.37152277282914,39.912510355281135,116.35361986417465,2022-02-07 10:10:21
64,215.03728799033217,221.51659193856992,234.139048897362,"(39.91268558730978, 116.35612452706577)",64.84909542667471,39.91268558730978,116.35612452706577,2022-02-07 10:10:32
65,221.51659193856992,111.0773580112975,110.4864332243016,"(39.91081037738757, 116.35524013741313)",1.1795070188756354,39.91081037738757,116.35524013741313,2022-02-07 10:10:35
66,111.0773580112975,111.0773580112975,0.0,"(39.91175751486325, 116.35565837053846)",0.0,39.91175751486325,116.35565837053846,2022-02-07 10:12:38
67,111.0773580112975,221.86870949641963,110.9286839439456,"(39.91081037738757, 116.35524013741313)",2.0140646074529167,39.91081037738757,116.35524013741313,2022-02-07 10:31:55
68,221.86870949641963,110.9286839439456,111.0773580112975,"(39.91267843349719, 116.35616136304431)",2.0167690517234598,39.91267843349719,116.35616136304431,2022-02-07 10:31:57
69,110.9286839439456,110.4864332243016,3.2481861285260827,"(39.91175751486325, 116.35565837053846)",1.6654844324443117,39.91175751486325,116.35565837053846,2022-02-07 10:43:16
70,110.4864332243016,221.51659193856992,111.0773580112975,"(39.91268558730978, 116.35612452706577)",1.1858361891993132,39.91268558730978,116.35612452706577,2022-02-07 10:45:02
71,221.51659193856992,18.03747431343261,226.64766820885865,"(39.91081037738757, 116.35524013741313)",104.30293082373475,39.91081037738757,116.35524013741313,2022-02-07 10:46:26
72,18.03747431343261,232.91006291909775,226.49519139411424,"(39.91082639052937, 116.35503021210404)",67.07874035063438,39.91082639052937,116.35503021210404,2022-02-07 10:46:28
73,232.91006291909775,116.45036922947105,116.50468345825868,"(39.912668481841486, 116.35633326187828)",1.126342994562399,39.912668481841486,116.35633326187828,2022-02-07 10:46:32
74,116.45036922947105,162.81532163820586,191.98955776628353,"(39.91175751486325, 116.35565837053846)",85.14468426210824,39.91175751486325,116.35565837053846,2022-02-07 10:56:42
75,162.81532163820586,12.283894303851378,156.2325770433939,"(39.91258933384858, 116.3540901916232)",55.752110481710595,39.91258933384858,116.3540901916232,2022-02-07 10:56:53
76,12.283894303851378,12.801696498462386,14.97268666391473,"(39.91262932862607, 116.35422414211482)",73.25842439604625,39.91262932862607,116.35422414211482,2022-02-07 11:05:23
77,12.801696498462386,202.70013394470902,197.58884314265873,"(39.91272026454238, 116.35413209844971)",64.7980149271039,39.91272026454238,116.35413209844971,2022-02-07 11:05:27
78,202.70013394470902,165.8053557433886,168.69337648246696,"(39.913122599750146, 116.35644450890183)",53.35269716143708,39.913122599750146,116.35644450890183,2022-02-07 11:06:04
79,165.8053557433886,110.4864332243016,55.704440070566974,"(39.91175751486325, 116.35565837053846)",2.769748768801165,39.91175751486325,116.35565837053846,2022-02-07 11:06:06
80,110.4864332243016,55.704440070566974,165.8053557433886,"(39.91268558730978, 116.35612452706577)",171.73031542636448,39.91268558730978,116.35612452706577,2022-02-07 11:07:00
81,55.704440070566974,165.8053557433886,110.4864332243016,"(39.913122599750146, 116.35644450890183)",5.499933266440895,39.913122599750146,116.35644450890183,2022-02-07 11:53:03
82,165.8053557433886,110.9286839439456,54.938883239233974,"(39.91175751486325, 116.35565837053846)",1.1042659715607241,39.91175751486325,116.35565837053846,2022-02-07 11:53:05
83,110.9286839439456,66.50637066921882,44.89681081508284,"(39.91267843349719, 116.35616136304431)",4.343727646488345,39.91267843349719,116.35616136304431,2022-02-07 11:53:23
84,66.50637066921882,44.89681081508284,110.9286839439456,"(39.91214547927992, 116.35580635840283)",169.21444477327114,39.91214547927992,116.35580635840283,2022-02-07 11:57:16
85,44.89681081508284,370.0291937177029,406.38743972930024,"(39.91175751486325, 116.35565837053846)",142.08627291474122,39.91175751486325,116.35565837053846,2022-02-07 11:57:27
86,370.0291937177029,406.38743972930024,44.89681081508284,"(39.9086577265787, 116.35724747973012)",3.8925620083483525,39.9086577265787,116.35724747973012,2022-02-07 11:57:50
87,406.38743972930024,65.85173517747282,457.4164256499261,"(39.91214547927992, 116.35580635840283)",137.9480542478101,39.91214547927992,116.35580635840283,2022-02-07 11:57:52
88,65.85173517747282,55.704440070566974,121.44058535350709,"(39.91268558730978, 116.35612452706577)",174.98474659404278,39.91268558730978,116.35612452706577,2022-02-07 12:49:07
89,55.704440070566974,165.8053557433886,110.4864332243016,"(39.913122599750146, 116.35644450890183)",5.499933266440895,39.913122599750146,116.35644450890183,2022-02-07 12:52:59
90,165.8053557433886,162.81532163820586,209.82695370473556,"(39.91175751486325, 116.35565837053846)",79.35560161180149,39.91175751486325,116.35565837053846,2022-02-07 12:53:01
91,162.81532163820586,191.98955776628353,116.45036922947105,"(39.91258933384858, 116.3540901916232)",37.18343525349868,39.91258933384858,116.3540901916232,2022-02-07 12:53:03
92,191.98955776628353,51.31139601159212,209.82695370473556,"(39.912668481841486, 116.35633326187828)",103.30581177364436,39.912668481841486,116.35633326187828,2022-02-07 14:45:04
93,51.31139601159212,165.8053557433886,116.45036922947105,"(39.913122599750146, 116.35644450890183)",13.233225449979642,39.913122599750146,116.35644450890183,2022-02-07 14:47:36
94,165.8053557433886,193.30645737555525,250.89858017675826,"(39.91175751486325, 116.35565837053846)",88.29371841457869,39.91175751486325,116.35565837053846,2022-02-07 14:47:50
95,193.30645737555525,250.89858017675826,165.8053557433886,"(39.912510355281135, 116.35361986417465)",41.34206984336186,39.912510355281135,116.35361986417465,2022-02-07 14:48:17
96,250.89858017675826,202.70013394470902,49.61268407637028,"(39.913122599750146, 116.35644450890183)",2.988488063920662,39.913122599750146,116.35644450890183,2022-02-07 14:48:28
97,202.70013394470902,179.4517198438144,23.308789629443307,"(39.91272026454238, 116.35413209844971)",0.5036833415382841,39.91272026454238,116.35413209844971,2022-02-07 14:48:30
98,179.4517198438144,227.5929054360667,49.61268407637028,"(39.913062584938785, 116.35618327558015)",3.4007901029645913,39.913062584938785,116.35618327558015,2022-02-07 14:49:03
99,227.5929054360667,215.03728799033217,42.15947482601523,"(39.912510355281135, 116.35361986417465)",10.437939807819273,39.912510355281135,116.35361986417465,2022-02-07 14:50:43
100,215.03728799033217,110.4864332243016,193.30645737555525,"(39.91268558730978, 116.35612452706577)",63.663265577652105,39.91268558730978,116.35612452706577,2022-02-07 14:52:26
101,110.4864332243016,162.81532163820586,174.2689496713215,"(39.91175751486325, 116.35565837053846)",76.58585218724279,39.91175751486325,116.35565837053846,2022-02-07 14:54:00
102,162.81532163820586,191.98955776628353,116.45036922947105,"(39.91258933384858, 116.3540901916232)",37.18343525349868,39.91258933384858,116.3540901916232,2022-02-07 14:55:49
103,191.98955776628353,226.49519139411424,220.64220383751217,"(39.912668481841486, 116.35633326187828)",63.00459316393092,39.912668481841486,116.35633326187828,2022-02-07 15:06:14
104,226.49519139411424,111.0773580112975,116.45036922947105,"(39.91081037738757, 116.35524013741313)",5.591468095587541,39.91081037738757,116.35524013741313,2022-02-07 15:06:24
105,111.0773580112975,110.9286839439456,221.86870949641963,"(39.91175751486325, 116.35565837053846)",175.9691692388727,39.91175751486325,116.35565837053846,2022-02-07 15:06:26
106,110.9286839439456,55.149485253312434,165.5383591100541,"(39.91267843349719, 116.35616136304431)",170.187052508075,39.91267843349719,116.35616136304431,2022-02-07 15:06:38
107,55.149485253312434,281.39395795267643,227.2469608149283,"(39.91316240005493, 116.35630644617233)",9.818613856028271,39.91316240005493,116.35630644617233,2022-02-07 16:38:55
108,281.39395795267643,525.6142797553744,605.0241722468351,"(39.91082639052937, 116.35503021210404)",92.05382601116318,39.91082639052937,116.35503021210404,2022-02-07 16:38:58
109,525.6142797553744,560.9680638435832,232.91006291909775,"(39.90883533524509, 116.36060714805208)",24.47676160646959,39.90883533524509,116.36060714805208,2022-02-07 16:39:03
110,560.9680638435832,51.31139601159212,594.3776395079009,"(39.912668481841486, 116.35633326187828)",128.6652097267301,39.912668481841486,116.35633326187828,2022-02-07 16:39:20
111,51.31139601159212,202.70013394470902,188.29280448590686,"(39.913122599750146, 116.35644450890183)",66.58592186232019,39.913122599750146,116.35644450890183,2022-02-07 17:46:53
112,202.70013394470902,173.56936161525704,54.938883239233974,"(39.91272026454238, 116.35413209844971)",14.26524036161704,39.91272026454238,116.35413209844971,2022-02-07 17:47:06
113,173.56936161525704,110.9286839439456,168.69337648246696,"(39.91267843349719, 116.35616136304431)",68.72220843908428,39.91267843349719,116.35616136304431,2022-02-07 17:47:16
114,110.9286839439456,111.0773580112975,221.86870949641963,"(39.91175751486325, 116.35565837053846)",175.9691692388727,39.91175751486325,116.35565837053846,2022-02-07 17:50:13
115,111.0773580112975,234.139048897362,193.30645737555525,"(39.91081037738757, 116.35524013741313)",55.05745917284937,39.91081037738757,116.35524013741313,2022-02-07 17:50:22
116,234.139048897362,232.66606386935106,226.49519139411424,"(39.912510355281135, 116.35361986417465)",58.05050447726753,39.912510355281135,116.35361986417465,2022-02-07 17:50:27
117,232.66606386935106,226.49519139411424,234.139048897362,"(39.912668481841486, 116.35633326187828)",61.300567468114885,39.912668481841486,116.35633326187828,2022-02-07 17:51:03
118,226.49519139411424,111.0773580112975,116.45036922947105,"(39.91081037738757, 116.35524013741313)",5.591468095587541,39.91081037738757,116.35524013741313,2022-02-07 17:52:29
119,111.0773580112975,110.4864332243016,221.51659193856992,"(39.91175751486325, 116.35565837053846)",177.6346472653388,39.91175751486325,116.35565837053846,2022-02-07 17:52:32
120,110.4864332243016,574.1676980277955,533.2232215884746,"(39.91268558730978, 116.35612452706577)",63.02608338853947,39.91268558730978,116.35612452706577,2022-02-07 17:53:21
121,574.1676980277955,508.6161778780504,221.51659193856992,"(39.90883533524509, 116.36060714805208)",22.580236545346136,39.90883533524509,116.36060714805208,2022-02-07 18:15:10
122,508.6161778780504,276.6156165727766,594.3776395079009,"(39.91081037738757, 116.35524013741313)",93.68365808976903,39.91081037738757,116.35524013741313,2022-02-07 18:15:13
123,276.6156165727766,202.70013394470902,232.26178533335764,"(39.913122599750146, 116.35644450890183)",55.4124235167428,39.913122599750146,116.35644450890183,2022-02-07 18:18:17
124,202.70013394470902,173.56936161525704,54.938883239233974,"(39.91272026454238, 116.35413209844971)",14.26524036161704,39.91272026454238,116.35413209844971,2022-02-07 18:18:19
125,173.56936161525704,27.64597765055404,176.4221787683353,"(39.91267843349719, 116.35616136304431)",91.39812712144484,39.91267843349719,116.35616136304431,2022-02-07 18:18:22
126,27.64597765055404,196.2430256284445,221.86870949641963,"(39.91242944525336, 116.35616059606346)",156.49194260434302,39.91242944525336,116.35616059606346,2022-02-07 18:25:36
127,196.2430256284445,14.520189324072037,195.49653762551824,"(39.91081037738757, 116.35524013741313)",84.9337249705645,39.91081037738757,116.35524013741313,2022-02-07 18:27:57
128,14.520189324072037,220.87333199221956,232.26178533335764,"(39.910873197235055, 116.3550911965695)",140.5039740427464,39.910873197235055,116.3550911965695,2022-02-07 18:28:01
129,220.87333199221956,232.26178533335764,14.520189324072037,"(39.91272026454238, 116.35413209844971)",2.278794051994803,39.91272026454238,116.35413209844971,2022-02-07 18:28:17
130,232.26178533335764,276.15967163362785,275.11925960204076,"(39.91081037738757, 116.35524013741313)",64.84985118879041,39.91081037738757,116.35524013741313,2022-02-07 18:28:22
131,276.15967163362785,1.0158263222369672,277.16477065604937,"(39.912693806221554, 116.35734959019919)",171.65069137039208,39.912693806221554,116.35734959019919,2022-02-07 18:28:31
132,1.0158263222369672,367.1474265000378,366.135418270917,"(39.912699793054166, 116.35735857395673)",4.962339721068917,39.912699793054166,116.35735857395673,2022-02-07 18:28:58
133,367.1474265000378,73.50202840254772,309.5672681577245,"(39.91076033118944, 116.35388080729656)",34.709328902993924,39.91076033118944,116.35388080729656,2022-02-07 18:29:00
134,73.50202840254772,212.5553475757014,227.29718169083617,"(39.91077422808866, 116.35474024136505)",91.9838496357454,39.91077422808866,116.35474024136505,2022-02-07 18:29:05
135,212.5553475757014,368.7582192203911,432.4962505505345,"(39.91268839513264, 116.35477413675584)",92.1534818454419,39.91268839513264,116.35477413675584,2022-02-07 18:30:26
136,368.7582192203911,228.5225648986827,448.7542265628095,"(39.91276784843658, 116.35908573946499)",94.48354305224356,39.91276784843658,116.35908573946499,2022-02-07 18:32:18
137,228.5225648986827,249.9286815651109,471.77927757852143,"(39.914822959564155, 116.35923093661158)",160.82122102107718,39.914822959564155,116.35923093661158,2022-02-07 18:33:35
138,249.9286815651109,12.410234917985445,262.3361669230592,"(39.91698599844144, 116.35842201509115)",178.76429854908667,39.91698599844144,116.35842201509115,2022-02-07 18:35:08
139,12.410234917985445,596.0623914260999,607.7699772364138,"(39.917094046236215, 116.35838486405378)",160.43052588075903,39.917094046236215,116.35838486405378,2022-02-07 18:36:19
140,596.0623914260999,37.36258107520559,598.4889567581564,"(39.92244401565627, 116.35896101580765)",91.93337980886267,39.92244401565627,116.35896101580765,2022-02-07 18:37:37
141,37.36258107520559,320.53089123008164,310.95766315294816,"(39.92248312149317, 116.35852693856822)",71.89972149028117,39.92248312149317,116.35852693856822,2022-02-07 18:38:37
142,320.53089123008164,414.57805074413864,733.0119362136597,"(39.925104239638934, 116.36009810172762)",171.27058086092038,39.925104239638934,116.36009810172762,2022-02-07 18:39:05
143,414.57805074413864,144.26742631769588,556.7864664543125,"(39.92869259376531, 116.36143859273056)",168.7533660486021,39.92869259376531,116.36143859273056,2022-02-07 18:41:10
144,144.26742631769588,293.15621875049965,437.42066845730415,"(39.929987354612315, 116.3615798048744)",179.55038210396486,39.929987354612315,116.3615798048744,2022-02-07 18:41:47
145,293.15621875049965,488.5198009334492,781.658535376182,"(39.93261653584557, 116.36189357719256)",179.20844053565335,39.93261653584557,116.36189357719256,2022-02-07 18:42:20
146,488.5198009334492,247.57823292157528,730.0005575568587,"(39.93700298061974, 116.362337826812)",164.37469012258458,39.93700298061974,116.362337826812,2022-02-07 18:42:43
147,247.57823292157528,58.24223800019182,266.7117977163096,"(39.939190524710845, 116.36177682235429)",102.9198296294388,39.939190524710845,116.36177682235429,2022-02-07 18:44:30
148,58.24223800019182,648.8334495824747,679.9105487029822,"(39.93940460534461, 116.36239892618363)",120.09794851856275,39.93940460534461,116.36239892618363,2022-02-07 18:44:38
149,648.8334495824747,303.20450746995215,470.5882942123556,"(39.94521605456322, 116.36319396806721)",42.20246129760898,39.94521605456322,116.36319396806721,2022-02-07 18:46:31
150,303.20450746995215,265.0053466305854,210.40159830191436,"(39.94339639116071, 116.36054864082254)",42.81028990142419,39.94339639116071,116.36054864082254,2022-02-07 18:47:04
151,265.0053466305854,453.20556917229567,590.0099317424589,"(39.94577250431463, 116.36084056841493)",107.56451961905627,39.94577250431463,116.36084056841493,2022-02-07 18:50:05
152,453.20556917229567,72.7884418844676,406.4486872407514,"(39.94663232754938, 116.36602465092406)",46.4067210822794,39.94663232754938,116.36602465092406,2022-02-07 18:50:38
153,72.7884418844676,73.46942299571973,69.51034965220157,"(39.94700125264803, 116.36532060333307)",56.750115067478575,39.94700125264803,116.36532060333307,2022-02-07 18:51:35
154,73.46942299571973,105.55833592003907,97.95595895499994,"(39.94725449644825, 116.36611484494316)",63.400299747019744,39.94725449644825,116.36611484494316,2022-02-07 18:52:10
155,105.55833592003907,97.95595895499994,73.46942299571973,"(39.9463062381937, 116.36602658979828)",42.116466783523755,39.9463062381937,116.36602658979828,2022-02-07 18:52:13
156,97.95595895499994,712.1281939794002,660.9307523931727,"(39.94700125264803, 116.36532060333307)",55.064997828905724,39.94700125264803,116.36532060333307,2022-02-07 18:52:26
157,712.1281939794002,298.2076250140703,1010.3117223253779,"(39.94734607279025, 116.37364147107384)",179.1324193284704,39.94734607279025,116.37364147107384,2022-02-07 18:53:11
158,298.2076250140703,843.2200374209001,1140.9978406735324,"(39.947530882100764, 116.37712266971032)",176.42063717905455,39.947530882100764,116.37712266971032,2022-02-07 18:53:59
159,843.2200374209001,439.54717279042484,1282.757159250724,"(39.94757887159006, 116.38698940952943)",179.52206800662904,39.94757887159006,116.38698940952943,2022-02-07 18:54:49
160,439.54717279042484,280.6553760760305,720.1981630468524,"(39.94763657189448, 116.39213222707352)",179.58994383439224,39.94763657189448,116.39213222707352,2022-02-07 18:55:10
161,280.6553760760305,437.73118350783784,718.3657513788326,"(39.94765520763081, 116.3954162302357)",179.10617677607212,39.94765520763081,116.3954162302357,2022-02-07 18:55:23
162,437.73118350783784,265.4077435645226,614.4949092819058,"(39.94774558001998, 116.40053700526914)",119.82273620517446,39.94774558001998,116.40053700526914,2022-02-07 18:55:56
163,265.4077435645226,214.55017784082492,463.12902575099884,"(39.94984602302642, 116.40201946772218)",149.38863518997178,39.94984602302642,116.40201946772218,2022-02-07 18:56:55
164,214.55017784082492,3.570286147576085,217.98287084529105,"(39.95177702382519, 116.40192748460886)",163.91105436578601,39.95177702382519,116.40192748460886,2022-02-07 18:57:15
165,3.570286147576085,408.5692307881813,412.0152740711846,"(39.95180822511074, 116.40193758461237)",164.77501287198027,39.95180822511074,116.40193758461237,2022-02-07 18:57:23
166,408.5692307881813,229.93366605433891,638.5020812839391,"(39.955487054691446, 116.40183447433043)",179.8092815479749,39.955487054691446,116.40183447433043,2022-02-07 18:57:35
167,229.93366605433891,1316.719476023438,1545.9900941326462,"(39.957557256819335, 116.4017674839437)",175.28334050561034,39.957557256819335,116.4017674839437,2022-02-07 18:57:58
168,1316.719476023438,133.34929632072968,1299.5857929561694,"(39.969396419731396, 116.40265203453612)",79.72993068624237,39.969396419731396,116.40265203453612,2022-02-07 19:09:42
169,133.34929632072968,133.34929632072968,0.0,"(39.9691148092599, 116.40416939667458)",0.0,39.9691148092599,116.40416939667458,2022-02-07 23:19:30
170,,,,,,39.969396419731396,116.40265203453612,2022-02-07 23:48:13
